{
  "project_info": {
    "project_number": "832871583166",
    "project_id": "foodfacts-b5d0b",
    "storage_bucket": "foodfacts-b5d0b.appspot.com"
  },
  "client": [
    {
      "client_info": {
        "mobilesdk_app_id": "1:832871583166:android:99dc5ddb580f6b6888fdef",
        "android_client_info": {
          "package_name": "com.example.foodfacts"
        }
      },
      "oauth_client": [],
      "api_key": [
        {
          "current_key": "AIzaSyDWogxqxt56HDXE5dkgMOm3RHBLNu4CELc"
        }
      ],
      "services": {
        "appinvite_service": {
          "other_platform_oauth_client": []
        }
      }
    }
  ],
  "configuration_version": "1"
}